Month,Value
4,8.415966386554622
5,9.385656292286875
6,13.685314685314685
7,12.0328317373461
8,9.76510989010989
9,9.265423242467719
10,9.625
