Month,MeasuredValue
1,23.750893148450245
2,13.704501488095238
3,6.174957670165933
4,6.316224632610217
5,6.700090786819099
6,6.827763496143959
7,8.432662403231236
8,9.528674739320552
9,10.712849200833913
10,9.046884798909339
11,18.488735658558973
12,17.17559276366436
