Month,PM2.5
1,9.67381676074685
2,9.58046703964972
3,5.063355159178144
4,5.568352974992814
5,6.362969483568075
6,6.750483317742439
7,8.539670468948035
8,20.539210110584516
9,25.639517819706498
