Month,MeasuredValue
1,19.82842415316642
2,11.625170454545454
3,5.0421953405017925
4,6.7397238095238095
5,6.275900795507721
6,6.274294990723562
7,8.531293225959262
8,19.21557894736842
9,15.786286509040332
10,18.58691739732349
11,22.191185395922236
12,16.771046845124282
